{
  "Workflows": [
    {
      "Path": null,
      "SortBy": 0,
      "VariablesSectionElementsOrder": [],
      "ArgumentsSectionElementsOrder": null,
      "ConstantsSectionElementsOrder": [],
      "AddedNamespaces": null
    },
    {
      "Path": "Main.xaml",
      "SortBy": 0,
      "VariablesSectionElementsOrder": [
        "Str2Right&Sequence_4",
        "FirstName&Sequence_6",
        "LastName&Sequence_6",
        "Str1Right&Sequence_2",
        "OutputString&Sequence_1",
        "InputString&Sequence_1"
      ],
      "ArgumentsSectionElementsOrder": [
        "Input"
      ],
      "ConstantsSectionElementsOrder": [],
      "AddedNamespaces": null
    }
  ]
}