{
  "exportedBy": null,
  "bundleHash": null,
  "version": "1.0.0.0",
  "jitAssemblyCompilerCommands": [
    {
      "providerName": "CustomEntities",
      "bundleOptions": {
        "hash": "EPtkEXg0XsJQrDvZwkwHTT3eiW3ej6IrCMZMa26yVVh6jngdtpdQpfHih8VXOqbZVeKmPPZc2YA9OpCAyoE7Ug==",
        "bundleName": "C1FDDF43476_curated_account_Create",
        "entitiesBundle": {
          "Types": {
            "BillingAddress": {
              "name": "BillingAddress",
              "properties": [
                {
                  "name": "city",
                  "type": {
                    "ClrType": "System.String, System.Private.CoreLib"
                  }
                },
                {
                  "name": "country",
                  "type": {
                    "ClrType": "System.String, System.Private.CoreLib"
                  }
                },
                {
                  "name": "geocodeAccuracy",
                  "type": {
                    "ClrType": "System.String, System.Private.CoreLib"
                  }
                },
                {
                  "name": "latitude",
                  "type": {
                    "ClrType": "System.Nullable`1[[System.Double, System.Private.CoreLib]], System.Private.CoreLib"
                  }
                },
                {
                  "name": "longitude",
                  "type": {
                    "ClrType": "System.Nullable`1[[System.Double, System.Private.CoreLib]], System.Private.CoreLib"
                  }
                },
                {
                  "name": "postalCode",
                  "type": {
                    "ClrType": "System.String, System.Private.CoreLib"
                  }
                },
                {
                  "name": "state",
                  "type": {
                    "ClrType": "System.String, System.Private.CoreLib"
                  }
                },
                {
                  "name": "street",
                  "type": {
                    "ClrType": "System.String, System.Private.CoreLib"
                  }
                }
              ],
              "baseType": null
            },
            "ShippingAddress": {
              "name": "ShippingAddress",
              "properties": [
                {
                  "name": "city",
                  "type": {
                    "ClrType": "System.String, System.Private.CoreLib"
                  }
                },
                {
                  "name": "country",
                  "type": {
                    "ClrType": "System.String, System.Private.CoreLib"
                  }
                },
                {
                  "name": "geocodeAccuracy",
                  "type": {
                    "ClrType": "System.String, System.Private.CoreLib"
                  }
                },
                {
                  "name": "latitude",
                  "type": {
                    "ClrType": "System.Nullable`1[[System.Double, System.Private.CoreLib]], System.Private.CoreLib"
                  }
                },
                {
                  "name": "longitude",
                  "type": {
                    "ClrType": "System.Nullable`1[[System.Double, System.Private.CoreLib]], System.Private.CoreLib"
                  }
                },
                {
                  "name": "postalCode",
                  "type": {
                    "ClrType": "System.String, System.Private.CoreLib"
                  }
                },
                {
                  "name": "state",
                  "type": {
                    "ClrType": "System.String, System.Private.CoreLib"
                  }
                },
                {
                  "name": "street",
                  "type": {
                    "ClrType": "System.String, System.Private.CoreLib"
                  }
                }
              ],
              "baseType": null
            },
            "curated_account_Create": {
              "name": "curated_account_Create",
              "properties": [
                {
                  "name": "BillingAddress",
                  "type": {
                    "definitionName": "BillingAddress"
                  }
                },
                {
                  "name": "ShippingAddress",
                  "type": {
                    "definitionName": "ShippingAddress"
                  }
                },
                {
                  "name": "AccountNumber",
                  "type": {
                    "ClrType": "System.String, System.Private.CoreLib"
                  },
                  "attributes": {
                    "values": [
                      {
                        "Type": {
                          "ClrType": "System.ComponentModel.CategoryAttribute, System.ComponentModel.Primitives"
                        },
                        "constructorArguments": [
                          {
                            "Value": "\"Simplified\"",
                            "type": {
                              "ClrType": "System.String, System.Private.CoreLib"
                            }
                          }
                        ],
                        "namedArguments": []
                      }
                    ]
                  }
                },
                {
                  "name": "AccountSource",
                  "type": {
                    "ClrType": "System.String, System.Private.CoreLib"
                  },
                  "attributes": {
                    "values": [
                      {
                        "Type": {
                          "ClrType": "System.ComponentModel.CategoryAttribute, System.ComponentModel.Primitives"
                        },
                        "constructorArguments": [
                          {
                            "Value": "\"Simplified\"",
                            "type": {
                              "ClrType": "System.String, System.Private.CoreLib"
                            }
                          }
                        ],
                        "namedArguments": []
                      }
                    ]
                  }
                },
                {
                  "name": "BillingCity",
                  "type": {
                    "ClrType": "System.String, System.Private.CoreLib"
                  },
                  "attributes": {
                    "values": [
                      {
                        "Type": {
                          "ClrType": "System.ComponentModel.CategoryAttribute, System.ComponentModel.Primitives"
                        },
                        "constructorArguments": [
                          {
                            "Value": "\"Simplified\"",
                            "type": {
                              "ClrType": "System.String, System.Private.CoreLib"
                            }
                          }
                        ],
                        "namedArguments": []
                      }
                    ]
                  }
                },
                {
                  "name": "BillingCountry",
                  "type": {
                    "ClrType": "System.String, System.Private.CoreLib"
                  },
                  "attributes": {
                    "values": [
                      {
                        "Type": {
                          "ClrType": "System.ComponentModel.CategoryAttribute, System.ComponentModel.Primitives"
                        },
                        "constructorArguments": [
                          {
                            "Value": "\"Simplified\"",
                            "type": {
                              "ClrType": "System.String, System.Private.CoreLib"
                            }
                          }
                        ],
                        "namedArguments": []
                      }
                    ]
                  }
                },
                {
                  "name": "BillingPostalCode",
                  "type": {
                    "ClrType": "System.String, System.Private.CoreLib"
                  },
                  "attributes": {
                    "values": [
                      {
                        "Type": {
                          "ClrType": "System.ComponentModel.CategoryAttribute, System.ComponentModel.Primitives"
                        },
                        "constructorArguments": [
                          {
                            "Value": "\"Simplified\"",
                            "type": {
                              "ClrType": "System.String, System.Private.CoreLib"
                            }
                          }
                        ],
                        "namedArguments": []
                      }
                    ]
                  }
                },
                {
                  "name": "BillingStreet",
                  "type": {
                    "ClrType": "System.String, System.Private.CoreLib"
                  },
                  "attributes": {
                    "values": [
                      {
                        "Type": {
                          "ClrType": "System.ComponentModel.CategoryAttribute, System.ComponentModel.Primitives"
                        },
                        "constructorArguments": [
                          {
                            "Value": "\"Simplified\"",
                            "type": {
                              "ClrType": "System.String, System.Private.CoreLib"
                            }
                          }
                        ],
                        "namedArguments": []
                      }
                    ]
                  }
                },
                {
                  "name": "Description",
                  "type": {
                    "ClrType": "System.String, System.Private.CoreLib"
                  },
                  "attributes": {
                    "values": [
                      {
                        "Type": {
                          "ClrType": "System.ComponentModel.CategoryAttribute, System.ComponentModel.Primitives"
                        },
                        "constructorArguments": [
                          {
                            "Value": "\"Simplified\"",
                            "type": {
                              "ClrType": "System.String, System.Private.CoreLib"
                            }
                          }
                        ],
                        "namedArguments": []
                      }
                    ]
                  }
                },
                {
                  "name": "Id",
                  "type": {
                    "ClrType": "System.String, System.Private.CoreLib"
                  },
                  "attributes": {
                    "values": [
                      {
                        "Type": {
                          "ClrType": "System.ComponentModel.CategoryAttribute, System.ComponentModel.Primitives"
                        },
                        "constructorArguments": [
                          {
                            "Value": "\"Simplified\"",
                            "type": {
                              "ClrType": "System.String, System.Private.CoreLib"
                            }
                          }
                        ],
                        "namedArguments": []
                      }
                    ]
                  }
                },
                {
                  "name": "Industry",
                  "type": {
                    "ClrType": "System.String, System.Private.CoreLib"
                  },
                  "attributes": {
                    "values": [
                      {
                        "Type": {
                          "ClrType": "System.ComponentModel.CategoryAttribute, System.ComponentModel.Primitives"
                        },
                        "constructorArguments": [
                          {
                            "Value": "\"Simplified\"",
                            "type": {
                              "ClrType": "System.String, System.Private.CoreLib"
                            }
                          }
                        ],
                        "namedArguments": []
                      }
                    ]
                  }
                },
                {
                  "name": "Name",
                  "type": {
                    "ClrType": "System.String, System.Private.CoreLib"
                  },
                  "attributes": {
                    "values": [
                      {
                        "Type": {
                          "ClrType": "System.ComponentModel.CategoryAttribute, System.ComponentModel.Primitives"
                        },
                        "constructorArguments": [
                          {
                            "Value": "\"Simplified\"",
                            "type": {
                              "ClrType": "System.String, System.Private.CoreLib"
                            }
                          }
                        ],
                        "namedArguments": []
                      }
                    ]
                  }
                },
                {
                  "name": "Ownership",
                  "type": {
                    "ClrType": "System.String, System.Private.CoreLib"
                  },
                  "attributes": {
                    "values": [
                      {
                        "Type": {
                          "ClrType": "System.ComponentModel.CategoryAttribute, System.ComponentModel.Primitives"
                        },
                        "constructorArguments": [
                          {
                            "Value": "\"Simplified\"",
                            "type": {
                              "ClrType": "System.String, System.Private.CoreLib"
                            }
                          }
                        ],
                        "namedArguments": []
                      }
                    ]
                  }
                },
                {
                  "name": "Phone",
                  "type": {
                    "ClrType": "System.String, System.Private.CoreLib"
                  },
                  "attributes": {
                    "values": [
                      {
                        "Type": {
                          "ClrType": "System.ComponentModel.CategoryAttribute, System.ComponentModel.Primitives"
                        },
                        "constructorArguments": [
                          {
                            "Value": "\"Simplified\"",
                            "type": {
                              "ClrType": "System.String, System.Private.CoreLib"
                            }
                          }
                        ],
                        "namedArguments": []
                      }
                    ]
                  }
                },
                {
                  "name": "Type",
                  "type": {
                    "ClrType": "System.String, System.Private.CoreLib"
                  },
                  "attributes": {
                    "values": [
                      {
                        "Type": {
                          "ClrType": "System.ComponentModel.CategoryAttribute, System.ComponentModel.Primitives"
                        },
                        "constructorArguments": [
                          {
                            "Value": "\"Simplified\"",
                            "type": {
                              "ClrType": "System.String, System.Private.CoreLib"
                            }
                          }
                        ],
                        "namedArguments": []
                      }
                    ]
                  }
                },
                {
                  "name": "Website",
                  "type": {
                    "ClrType": "System.String, System.Private.CoreLib"
                  },
                  "attributes": {
                    "values": [
                      {
                        "Type": {
                          "ClrType": "System.ComponentModel.CategoryAttribute, System.ComponentModel.Primitives"
                        },
                        "constructorArguments": [
                          {
                            "Value": "\"Simplified\"",
                            "type": {
                              "ClrType": "System.String, System.Private.CoreLib"
                            }
                          }
                        ],
                        "namedArguments": []
                      }
                    ]
                  }
                },
                {
                  "name": "ActivityMetricId",
                  "type": {
                    "ClrType": "System.String, System.Private.CoreLib"
                  }
                },
                {
                  "name": "ActivityMetricRollupId",
                  "type": {
                    "ClrType": "System.String, System.Private.CoreLib"
                  }
                },
                {
                  "name": "AnnualRevenue",
                  "type": {
                    "ClrType": "System.Nullable`1[[System.Double, System.Private.CoreLib]], System.Private.CoreLib"
                  }
                },
                {
                  "name": "BillingGeocodeAccuracy",
                  "type": {
                    "ClrType": "System.String, System.Private.CoreLib"
                  }
                },
                {
                  "name": "BillingLatitude",
                  "type": {
                    "ClrType": "System.Nullable`1[[System.Double, System.Private.CoreLib]], System.Private.CoreLib"
                  }
                },
                {
                  "name": "BillingLongitude",
                  "type": {
                    "ClrType": "System.Nullable`1[[System.Double, System.Private.CoreLib]], System.Private.CoreLib"
                  }
                },
                {
                  "name": "BillingState",
                  "type": {
                    "ClrType": "System.String, System.Private.CoreLib"
                  }
                },
                {
                  "name": "CreatedById",
                  "type": {
                    "ClrType": "System.String, System.Private.CoreLib"
                  }
                },
                {
                  "name": "CreatedDate",
                  "type": {
                    "ClrType": "System.Nullable`1[[System.DateTimeOffset, System.Private.CoreLib]], System.Private.CoreLib"
                  },
                  "attributes": {
                    "values": [
                      {
                        "Type": {
                          "ClrType": "Newtonsoft.Json.JsonConverterAttribute, Newtonsoft.Json"
                        },
                        "constructorArguments": [
                          {
                            "Value": "{\r\n  \"ClrType\": \"UiPath.IntegrationService.Activities.Runtime.Helpers.DateTimeOffsetMaskDeserializer, UiPath.IntegrationService.Activities.Runtime\"\r\n}",
                            "type": {
                              "ClrType": "System.Activities.DesignViewModels.EntityTypeReference, System.Activities.ViewModels"
                            }
                          },
                          {
                            "Value": "\"yyyy-MM-dd'T'HH:mm:ss.fffzzz\"",
                            "type": {
                              "ClrType": "System.String, System.Private.CoreLib"
                            }
                          }
                        ],
                        "namedArguments": []
                      }
                    ]
                  }
                },
                {
                  "name": "Fax",
                  "type": {
                    "ClrType": "System.String, System.Private.CoreLib"
                  }
                },
                {
                  "name": "IsBuyer",
                  "type": {
                    "ClrType": "System.Nullable`1[[System.Boolean, System.Private.CoreLib]], System.Private.CoreLib"
                  }
                },
                {
                  "name": "IsCustomerPortal",
                  "type": {
                    "ClrType": "System.Nullable`1[[System.Boolean, System.Private.CoreLib]], System.Private.CoreLib"
                  }
                },
                {
                  "name": "IsDeleted",
                  "type": {
                    "ClrType": "System.Nullable`1[[System.Boolean, System.Private.CoreLib]], System.Private.CoreLib"
                  }
                },
                {
                  "name": "IsPartner",
                  "type": {
                    "ClrType": "System.Nullable`1[[System.Boolean, System.Private.CoreLib]], System.Private.CoreLib"
                  }
                },
                {
                  "name": "Jigsaw",
                  "type": {
                    "ClrType": "System.String, System.Private.CoreLib"
                  }
                },
                {
                  "name": "JigsawCompanyId",
                  "type": {
                    "ClrType": "System.String, System.Private.CoreLib"
                  }
                },
                {
                  "name": "LastActivityDate",
                  "type": {
                    "ClrType": "System.Nullable`1[[System.DateTimeOffset, System.Private.CoreLib]], System.Private.CoreLib"
                  },
                  "attributes": {
                    "values": [
                      {
                        "Type": {
                          "ClrType": "Newtonsoft.Json.JsonConverterAttribute, Newtonsoft.Json"
                        },
                        "constructorArguments": [
                          {
                            "Value": "{\r\n  \"ClrType\": \"UiPath.IntegrationService.Activities.Runtime.Helpers.DateTimeOffsetMaskDeserializer, UiPath.IntegrationService.Activities.Runtime\"\r\n}",
                            "type": {
                              "ClrType": "System.Activities.DesignViewModels.EntityTypeReference, System.Activities.ViewModels"
                            }
                          },
                          {
                            "Value": "\"yyyy-MM-dd\"",
                            "type": {
                              "ClrType": "System.String, System.Private.CoreLib"
                            }
                          }
                        ],
                        "namedArguments": []
                      }
                    ]
                  }
                },
                {
                  "name": "LastModifiedById",
                  "type": {
                    "ClrType": "System.String, System.Private.CoreLib"
                  }
                },
                {
                  "name": "LastModifiedDate",
                  "type": {
                    "ClrType": "System.Nullable`1[[System.DateTimeOffset, System.Private.CoreLib]], System.Private.CoreLib"
                  },
                  "attributes": {
                    "values": [
                      {
                        "Type": {
                          "ClrType": "Newtonsoft.Json.JsonConverterAttribute, Newtonsoft.Json"
                        },
                        "constructorArguments": [
                          {
                            "Value": "{\r\n  \"ClrType\": \"UiPath.IntegrationService.Activities.Runtime.Helpers.DateTimeOffsetMaskDeserializer, UiPath.IntegrationService.Activities.Runtime\"\r\n}",
                            "type": {
                              "ClrType": "System.Activities.DesignViewModels.EntityTypeReference, System.Activities.ViewModels"
                            }
                          },
                          {
                            "Value": "\"yyyy-MM-dd'T'HH:mm:ss.fffzzz\"",
                            "type": {
                              "ClrType": "System.String, System.Private.CoreLib"
                            }
                          }
                        ],
                        "namedArguments": []
                      }
                    ]
                  }
                },
                {
                  "name": "LastReferencedDate",
                  "type": {
                    "ClrType": "System.Nullable`1[[System.DateTimeOffset, System.Private.CoreLib]], System.Private.CoreLib"
                  },
                  "attributes": {
                    "values": [
                      {
                        "Type": {
                          "ClrType": "Newtonsoft.Json.JsonConverterAttribute, Newtonsoft.Json"
                        },
                        "constructorArguments": [
                          {
                            "Value": "{\r\n  \"ClrType\": \"UiPath.IntegrationService.Activities.Runtime.Helpers.DateTimeOffsetMaskDeserializer, UiPath.IntegrationService.Activities.Runtime\"\r\n}",
                            "type": {
                              "ClrType": "System.Activities.DesignViewModels.EntityTypeReference, System.Activities.ViewModels"
                            }
                          },
                          {
                            "Value": "\"yyyy-MM-dd'T'HH:mm:ss.fffzzz\"",
                            "type": {
                              "ClrType": "System.String, System.Private.CoreLib"
                            }
                          }
                        ],
                        "namedArguments": []
                      }
                    ]
                  }
                },
                {
                  "name": "LastViewedDate",
                  "type": {
                    "ClrType": "System.Nullable`1[[System.DateTimeOffset, System.Private.CoreLib]], System.Private.CoreLib"
                  },
                  "attributes": {
                    "values": [
                      {
                        "Type": {
                          "ClrType": "Newtonsoft.Json.JsonConverterAttribute, Newtonsoft.Json"
                        },
                        "constructorArguments": [
                          {
                            "Value": "{\r\n  \"ClrType\": \"UiPath.IntegrationService.Activities.Runtime.Helpers.DateTimeOffsetMaskDeserializer, UiPath.IntegrationService.Activities.Runtime\"\r\n}",
                            "type": {
                              "ClrType": "System.Activities.DesignViewModels.EntityTypeReference, System.Activities.ViewModels"
                            }
                          },
                          {
                            "Value": "\"yyyy-MM-dd'T'HH:mm:ss.fffzzz\"",
                            "type": {
                              "ClrType": "System.String, System.Private.CoreLib"
                            }
                          }
                        ],
                        "namedArguments": []
                      }
                    ]
                  }
                },
                {
                  "name": "MasterRecordId",
                  "type": {
                    "ClrType": "System.String, System.Private.CoreLib"
                  }
                },
                {
                  "name": "NumberOfEmployees",
                  "type": {
                    "ClrType": "System.Nullable`1[[System.Int64, System.Private.CoreLib]], System.Private.CoreLib"
                  }
                },
                {
                  "name": "ParentId",
                  "type": {
                    "ClrType": "System.String, System.Private.CoreLib"
                  }
                },
                {
                  "name": "PersonActionCadenceAssigneeId",
                  "type": {
                    "ClrType": "System.String, System.Private.CoreLib"
                  }
                },
                {
                  "name": "PersonActionCadenceId",
                  "type": {
                    "ClrType": "System.String, System.Private.CoreLib"
                  }
                },
                {
                  "name": "PersonActionCadenceState",
                  "type": {
                    "ClrType": "System.String, System.Private.CoreLib"
                  }
                },
                {
                  "name": "PersonActiveTrackerCount",
                  "type": {
                    "ClrType": "System.Nullable`1[[System.Int64, System.Private.CoreLib]], System.Private.CoreLib"
                  }
                },
                {
                  "name": "PersonScheduledResumeDateTime",
                  "type": {
                    "ClrType": "System.Nullable`1[[System.DateTimeOffset, System.Private.CoreLib]], System.Private.CoreLib"
                  },
                  "attributes": {
                    "values": [
                      {
                        "Type": {
                          "ClrType": "Newtonsoft.Json.JsonConverterAttribute, Newtonsoft.Json"
                        },
                        "constructorArguments": [
                          {
                            "Value": "{\r\n  \"ClrType\": \"UiPath.IntegrationService.Activities.Runtime.Helpers.DateTimeOffsetMaskDeserializer, UiPath.IntegrationService.Activities.Runtime\"\r\n}",
                            "type": {
                              "ClrType": "System.Activities.DesignViewModels.EntityTypeReference, System.Activities.ViewModels"
                            }
                          },
                          {
                            "Value": "\"yyyy-MM-dd'T'HH:mm:ss.fffzzz\"",
                            "type": {
                              "ClrType": "System.String, System.Private.CoreLib"
                            }
                          }
                        ],
                        "namedArguments": []
                      }
                    ]
                  }
                },
                {
                  "name": "PhotoUrl",
                  "type": {
                    "ClrType": "System.String, System.Private.CoreLib"
                  }
                },
                {
                  "name": "ShippingCity",
                  "type": {
                    "ClrType": "System.String, System.Private.CoreLib"
                  }
                },
                {
                  "name": "ShippingCountry",
                  "type": {
                    "ClrType": "System.String, System.Private.CoreLib"
                  }
                },
                {
                  "name": "ShippingGeocodeAccuracy",
                  "type": {
                    "ClrType": "System.String, System.Private.CoreLib"
                  }
                },
                {
                  "name": "ShippingLatitude",
                  "type": {
                    "ClrType": "System.Nullable`1[[System.Double, System.Private.CoreLib]], System.Private.CoreLib"
                  }
                },
                {
                  "name": "ShippingLongitude",
                  "type": {
                    "ClrType": "System.Nullable`1[[System.Double, System.Private.CoreLib]], System.Private.CoreLib"
                  }
                },
                {
                  "name": "ShippingPostalCode",
                  "type": {
                    "ClrType": "System.String, System.Private.CoreLib"
                  }
                },
                {
                  "name": "ShippingState",
                  "type": {
                    "ClrType": "System.String, System.Private.CoreLib"
                  }
                },
                {
                  "name": "ShippingStreet",
                  "type": {
                    "ClrType": "System.String, System.Private.CoreLib"
                  }
                },
                {
                  "name": "SicDesc",
                  "type": {
                    "ClrType": "System.String, System.Private.CoreLib"
                  }
                },
                {
                  "name": "SystemModstamp",
                  "type": {
                    "ClrType": "System.Nullable`1[[System.DateTimeOffset, System.Private.CoreLib]], System.Private.CoreLib"
                  },
                  "attributes": {
                    "values": [
                      {
                        "Type": {
                          "ClrType": "Newtonsoft.Json.JsonConverterAttribute, Newtonsoft.Json"
                        },
                        "constructorArguments": [
                          {
                            "Value": "{\r\n  \"ClrType\": \"UiPath.IntegrationService.Activities.Runtime.Helpers.DateTimeOffsetMaskDeserializer, UiPath.IntegrationService.Activities.Runtime\"\r\n}",
                            "type": {
                              "ClrType": "System.Activities.DesignViewModels.EntityTypeReference, System.Activities.ViewModels"
                            }
                          },
                          {
                            "Value": "\"yyyy-MM-dd'T'HH:mm:ss.fffzzz\"",
                            "type": {
                              "ClrType": "System.String, System.Private.CoreLib"
                            }
                          }
                        ],
                        "namedArguments": []
                      }
                    ]
                  }
                }
              ],
              "baseType": null
            }
          },
          "version": 1
        }
      },
      "entityAssemblyKey": {
        "name": "UiPath.IntegrationService.Activities.SWEntities.C1FDDF43476_curated_account_Create",
        "hash": "RVB0a0VYZzBYc0pRckR2Wndrd0hUVDNlaVczZWo2SXJDTVpNYTI2eVZWaDZqbmdkdHBkUXBmSGloOFZYT3FiWlZlS21QUFpjMllBOU9wQ0F5b0U3VWc9PQ",
        "assemblyName": "C1FDDF43476_curated_.w3qJp3VOWCF1FCWNH1zvlRG2"
      }
    }
  ]
}