{"ProjectBreakpoints":"{\"Value\":{\"Main.xaml\":[{\"ConditionalExpression\":null,\"ActionExpression\":null,\"ExpectedHitCounter\":null,\"ShouldContinueAfterAction\":false,\"BreakpointType\":1,\"LocationIdentifier\":\"Write Text File\",\"IsEnabled\":true,\"Annotation\":null,\"Id\":\"163991ca-215c-4752-bf97-cac54defb935\",\"ActivityIdRef\":\"WriteTextFile_1\",\"ActivityId\":\"1.25\",\"ActivityName\":\"Write Text File\",\"IsTransient\":false}]},\"CodeBreakpoints\":{}}","Compiler":"2","ProjectWatches":"{\"Value\":[{\"Id\":\"80d234bb-cb2d-49a6-a4e6-7534e5438d70\",\"Expression\":\"FromQueue.SpecificContent(“Name”).toString\",\"Type\":0},{\"Id\":\"4999edaf-5d7d-4910-963c-1f409c0013c5\",\"Expression\":\"FromQueue\",\"Type\":0}]}","OpenedDocuments":"[{\"DocumentPath\":\"Main.xaml\",\"FactoryId\":\"{ACB8E7BA-F093-44C1-9B50-33ECA51AAE16}\"}]","ProjectActivitiesViewState":"{\"Main.xaml\":[{\"ActivityIdRef\":\"AddQueueItem_1\",\"IsAdvancedOptionsExpanded\":false,\"Categories\":{\"Input\":true,\"Misc\":true},\"Widgets\":{}},{\"ActivityIdRef\":\"SetTransactionStatus_1\",\"IsAdvancedOptionsExpanded\":false,\"Categories\":{\"Input\":true,\"Transaction Error\":true,\"Misc\":true},\"Widgets\":{}},{\"ActivityIdRef\":\"GetQueueItem_1\",\"IsAdvancedOptionsExpanded\":false,\"Categories\":{\"Options\":true,\"Output\":true},\"Widgets\":{}},{\"ActivityIdRef\":\"UploadStorageFile_2\",\"IsAdvancedOptionsExpanded\":false,\"Widgets\":{}}]}"}