{
  "Workflows": [
    {
      "Path": null,
      "SortBy": 0,
      "VariablesSectionElementsOrder": [],
      "ArgumentsSectionElementsOrder": null,
      "ConstantsSectionElementsOrder": [],
      "AddedNamespaces": null
    },
    {
      "Path": "Main.xaml",
      "SortBy": 0,
      "VariablesSectionElementsOrder": [
        "EmailAddressPart2&Sequence_4",
        "TemporaryIndex&Sequence_3",
        "SecondStringofEmail&Sequence_3",
        "FirstStringofEmail&Sequence_3",
        "IndexTextToFind&Sequence_1",
        "InputData&Sequence_1"
      ],
      "ArgumentsSectionElementsOrder": [],
      "ConstantsSectionElementsOrder": [],
      "AddedNamespaces": null
    }
  ]
}