{
  "Packages": [
    {
      "Package": {
        "Id": "UiPath.System.Activities",
        "Version": "24.10.7"
      },
      "Assemblies": [
        "C:\\Users\\prem.kumar\\.nuget\\packages\\csvhelper\\16.0.0\\lib/netstandard2.1/CsvHelper.dll",
        "C:\\Users\\prem.kumar\\.nuget\\packages\\dynamicexpresso.core\\2.12.0\\lib/netstandard2.0/DynamicExpresso.Core.dll",
        "C:\\Users\\prem.kumar\\.nuget\\packages\\microsoft.aspnet.signalr.client\\2.4.3\\lib/netstandard2.0/Microsoft.AspNet.SignalR.Client.dll",
        "C:\\Users\\prem.kumar\\.nuget\\packages\\microsoft.aspnetcore.connections.abstractions\\6.0.36\\lib/net6.0/Microsoft.AspNetCore.Connections.Abstractions.dll",
        "C:\\Users\\prem.kumar\\.nuget\\packages\\microsoft.aspnetcore.http.connections.client\\6.0.36\\lib/net6.0/Microsoft.AspNetCore.Http.Connections.Client.dll",
        "C:\\Users\\prem.kumar\\.nuget\\packages\\microsoft.aspnetcore.http.connections.common\\6.0.36\\lib/net6.0/Microsoft.AspNetCore.Http.Connections.Common.dll",
        "C:\\Users\\prem.kumar\\.nuget\\packages\\microsoft.aspnetcore.signalr.client\\6.0.36\\lib/net6.0/Microsoft.AspNetCore.SignalR.Client.dll",
        "C:\\Users\\prem.kumar\\.nuget\\packages\\microsoft.aspnetcore.signalr.client.core\\6.0.36\\lib/net6.0/Microsoft.AspNetCore.SignalR.Client.Core.dll",
        "C:\\Users\\prem.kumar\\.nuget\\packages\\microsoft.aspnetcore.signalr.common\\6.0.36\\lib/net6.0/Microsoft.AspNetCore.SignalR.Common.dll",
        "C:\\Users\\prem.kumar\\.nuget\\packages\\microsoft.aspnetcore.signalr.protocols.json\\6.0.36\\lib/net6.0/Microsoft.AspNetCore.SignalR.Protocols.Json.dll",
        "C:\\Users\\prem.kumar\\.nuget\\packages\\microsoft.codeanalysis.common\\4.5.0-2.22527.10\\lib/netcoreapp3.1/Microsoft.CodeAnalysis.dll",
        "C:\\Users\\prem.kumar\\.nuget\\packages\\microsoft.codeanalysis.csharp\\4.5.0-2.22527.10\\lib/netcoreapp3.1/Microsoft.CodeAnalysis.CSharp.dll",
        "C:\\Users\\prem.kumar\\.nuget\\packages\\microsoft.codeanalysis.visualbasic\\4.5.0-2.22527.10\\lib/netcoreapp3.1/Microsoft.CodeAnalysis.VisualBasic.dll",
        "C:\\Users\\prem.kumar\\.nuget\\packages\\microsoft.extensions.dependencyinjection\\6.0.2\\lib/net6.0/Microsoft.Extensions.DependencyInjection.dll",
        "C:\\Users\\prem.kumar\\.nuget\\packages\\microsoft.extensions.dependencyinjection.abstractions\\6.0.0\\lib/net6.0/Microsoft.Extensions.DependencyInjection.Abstractions.dll",
        "C:\\Users\\prem.kumar\\.nuget\\packages\\microsoft.extensions.features\\6.0.36\\lib/net6.0/Microsoft.Extensions.Features.dll",
        "C:\\Users\\prem.kumar\\.nuget\\packages\\microsoft.extensions.logging\\6.0.1\\lib/netstandard2.1/Microsoft.Extensions.Logging.dll",
        "C:\\Users\\prem.kumar\\.nuget\\packages\\microsoft.extensions.logging.abstractions\\6.0.4\\lib/net6.0/Microsoft.Extensions.Logging.Abstractions.dll",
        "C:\\Users\\prem.kumar\\.nuget\\packages\\microsoft.extensions.options\\6.0.1\\lib/netstandard2.1/Microsoft.Extensions.Options.dll",
        "C:\\Users\\prem.kumar\\.nuget\\packages\\microsoft.extensions.primitives\\6.0.1\\lib/net6.0/Microsoft.Extensions.Primitives.dll",
        "C:\\Users\\prem.kumar\\.nuget\\packages\\microsoft.rest.clientruntime\\2.3.24\\lib/netstandard2.0/Microsoft.Rest.ClientRuntime.dll",
        "C:\\Users\\prem.kumar\\.nuget\\packages\\net.adamec.lib.common.dmn.engine\\1.1.1\\lib/netstandard2.0/net.adamec.lib.common.dmn.engine.dll",
        "C:\\Users\\prem.kumar\\.nuget\\packages\\newtonsoft.json\\13.0.1\\lib/netstandard2.0/Newtonsoft.Json.dll",
        "C:\\Users\\prem.kumar\\.nuget\\packages\\nlog\\4.7.15\\lib/netstandard2.0/NLog.dll",
        "C:\\Users\\prem.kumar\\.nuget\\packages\\radcommons.core\\2.0.1\\lib/netstandard2.0/net.adamec.lib.common.core.dll",
        "C:\\Users\\prem.kumar\\.nuget\\packages\\sharpziplib\\1.3.3\\lib/netstandard2.1/ICSharpCode.SharpZipLib.dll",
        "C:\\Users\\prem.kumar\\.nuget\\packages\\system.activities.viewmodels\\1.0.0-20240905.3\\lib/net6.0/System.Activities.ViewModels.dll",
        "C:\\Users\\prem.kumar\\.nuget\\packages\\system.io.abstractions\\3.0.10\\lib/netstandard2.0/System.IO.Abstractions.dll",
        "C:\\Users\\prem.kumar\\.nuget\\packages\\system.io.pipelines\\6.0.3\\lib/net6.0/System.IO.Pipelines.dll",
        "C:\\Users\\prem.kumar\\.nuget\\packages\\uipath.codedworkflows\\24.10.1\\lib/net6.0/UiPath.CodedWorkflows.dll",
        "C:\\Users\\prem.kumar\\.nuget\\packages\\uipath.opentelemetry.contracts\\2.3.3\\lib/netstandard2.0/UiPath.OpenTelemetry.Contracts.dll",
        "C:\\Users\\prem.kumar\\.nuget\\packages\\uipath.platform\\24.11.1\\lib/net6.0/UiPath.Platform.dll",
        "C:\\Users\\prem.kumar\\.nuget\\packages\\uipath.system.activities\\24.10.7\\lib/net6.0/UiPath.System.Activities.ViewModels.dll",
        "C:\\Users\\prem.kumar\\.nuget\\packages\\uipath.system.activities.runtime\\24.10.7\\lib/net6.0/UiPath.System.Activities.Package.Runtime.dll",
        "C:\\Users\\prem.kumar\\.nuget\\packages\\uipath.system.activities.runtime.portable\\24.10.7\\lib/net6.0/UiPath.OrchestratorClient.dll",
        "C:\\Users\\prem.kumar\\.nuget\\packages\\uipath.system.activities.runtime.portable\\24.10.7\\lib/net6.0/UiPath.System.Activities.Api.dll",
        "C:\\Users\\prem.kumar\\.nuget\\packages\\uipath.system.activities.runtime.portable\\24.10.7\\lib/net6.0/UiPath.System.Activities.dll",
        "C:\\Users\\prem.kumar\\.nuget\\packages\\uipath.telemetry.client\\2.3.3\\lib/netstandard2.0/TelemetryClient.dll"
      ],
      "Path": "C:\\Users\\prem.kumar\\.nuget\\packages\\uipath.system.activities\\24.10.7"
    },
    {
      "Package": {
        "Id": "UiPath.UIAutomation.Activities",
        "Version": "24.10.8"
      },
      "Assemblies": [
        "C:\\Users\\prem.kumar\\.nuget\\packages\\microsoft.extensions.dependencyinjection\\6.0.2\\lib/net6.0/Microsoft.Extensions.DependencyInjection.dll",
        "C:\\Users\\prem.kumar\\.nuget\\packages\\microsoft.extensions.dependencyinjection.abstractions\\6.0.0\\lib/net6.0/Microsoft.Extensions.DependencyInjection.Abstractions.dll",
        "C:\\Users\\prem.kumar\\.nuget\\packages\\newtonsoft.json\\13.0.1\\lib/netstandard2.0/Newtonsoft.Json.dll",
        "C:\\Users\\prem.kumar\\.nuget\\packages\\system.activities.viewmodels\\1.0.0-20240905.3\\lib/net6.0/System.Activities.ViewModels.dll",
        "C:\\Users\\prem.kumar\\.nuget\\packages\\system.io.abstractions\\3.0.10\\lib/netstandard2.0/System.IO.Abstractions.dll",
        "C:\\Users\\prem.kumar\\.nuget\\packages\\uipath\\24.10.112.56016\\lib/net6.0/UiPath.Locator.dll",
        "C:\\Users\\prem.kumar\\.nuget\\packages\\uipath.activities.runtimegovernance\\1.1.6\\lib/net5.0/UiPath.Activities.RuntimeGovernance.dll",
        "C:\\Users\\prem.kumar\\.nuget\\packages\\uipath.codedworkflows\\24.10.1\\lib/net6.0/UiPath.CodedWorkflows.dll",
        "C:\\Users\\prem.kumar\\.nuget\\packages\\uipath.driver.portable\\24.10.112.56016\\lib/net6.0/Interop.UiPath.dll",
        "C:\\Users\\prem.kumar\\.nuget\\packages\\uipath.driver.portable\\24.10.112.56016\\lib/net6.0/SapAutomationConnectivitySdk.dll",
        "C:\\Users\\prem.kumar\\.nuget\\packages\\uipath.driver.portable\\24.10.112.56016\\lib/net6.0/SapAutomationLogger.dll",
        "C:\\Users\\prem.kumar\\.nuget\\packages\\uipath.driver.portable\\24.10.112.56016\\lib/net6.0/UiPath.Driver.Portable.dll",
        "C:\\Users\\prem.kumar\\.nuget\\packages\\uipath.opentelemetry.contracts\\2.3.3\\lib/netstandard2.0/UiPath.OpenTelemetry.Contracts.dll",
        "C:\\Users\\prem.kumar\\.nuget\\packages\\uipath.platform\\24.11.1\\lib/net6.0/UiPath.Platform.dll",
        "C:\\Users\\prem.kumar\\.nuget\\packages\\uipath.telemetry.client\\2.3.3\\lib/netstandard2.0/TelemetryClient.dll",
        "C:\\Users\\prem.kumar\\.nuget\\packages\\uipath.uiautomation.activities\\24.10.8\\lib/net6.0/UiPath.UIAutomationNext.Activities.Design.dll",
        "C:\\Users\\prem.kumar\\.nuget\\packages\\uipath.uiautomation.activities.design.recoverypanel\\24.10.8\\lib/net6.0/UiPath.UIAutomation.Activities.Design.RecoveryPanel.dll",
        "C:\\Users\\prem.kumar\\.nuget\\packages\\uipath.uiautomation.activities.runtime.design\\24.10.8\\lib/net6.0/UiPath.UIAutomation.Activities.Runtime.Design.dll",
        "C:\\Users\\prem.kumar\\.nuget\\packages\\uipath.uiautomation.activities.runtime.portable\\24.10.8\\lib/net6.0/UiPath.UIAutomationNext.Activities.dll",
        "C:\\Users\\prem.kumar\\.nuget\\packages\\uipath.uiautomation.activities.runtime.portable\\24.10.8\\lib/net6.0/UiPath.UIAutomationNext.API.dll"
      ],
      "Path": "C:\\Users\\prem.kumar\\.nuget\\packages\\uipath.uiautomation.activities\\24.10.8"
    }
  ],
  "Conflicts": [],
  "ResolvedDependencies": {
    "CsvHelper": {
      "Id": "CsvHelper",
      "Version": "16.0.0",
      "Dependencies": [
        {
          "Item1": "Microsoft.CSharp",
          "Item2": "[4.5.0, )"
        }
      ]
    },
    "DynamicExpresso.Core": {
      "Id": "DynamicExpresso.Core",
      "Version": "2.12.0",
      "Dependencies": [
        {
          "Item1": "Microsoft.CSharp",
          "Item2": "[4.7.0, )"
        }
      ]
    },
    "Microsoft.AspNet.SignalR.Client": {
      "Id": "Microsoft.AspNet.SignalR.Client",
      "Version": "2.4.3",
      "Dependencies": [
        {
          "Item1": "Newtonsoft.Json",
          "Item2": "[11.0.2, )"
        }
      ]
    },
    "Microsoft.AspNetCore.Connections.Abstractions": {
      "Id": "Microsoft.AspNetCore.Connections.Abstractions",
      "Version": "6.0.36",
      "Dependencies": [
        {
          "Item1": "Microsoft.Extensions.Features",
          "Item2": "[6.0.36, )"
        },
        {
          "Item1": "System.IO.Pipelines",
          "Item2": "[6.0.3, )"
        }
      ]
    },
    "Microsoft.AspNetCore.Http.Connections.Client": {
      "Id": "Microsoft.AspNetCore.Http.Connections.Client",
      "Version": "6.0.36",
      "Dependencies": [
        {
          "Item1": "Microsoft.AspNetCore.Http.Connections.Common",
          "Item2": "[6.0.36, )"
        },
        {
          "Item1": "Microsoft.Extensions.Logging.Abstractions",
          "Item2": "[6.0.4, )"
        },
        {
          "Item1": "Microsoft.Extensions.Options",
          "Item2": "[6.0.1, )"
        }
      ]
    },
    "Microsoft.AspNetCore.Http.Connections.Common": {
      "Id": "Microsoft.AspNetCore.Http.Connections.Common",
      "Version": "6.0.36",
      "Dependencies": [
        {
          "Item1": "Microsoft.AspNetCore.Connections.Abstractions",
          "Item2": "[6.0.36, )"
        }
      ]
    },
    "Microsoft.AspNetCore.SignalR.Client": {
      "Id": "Microsoft.AspNetCore.SignalR.Client",
      "Version": "6.0.36",
      "Dependencies": [
        {
          "Item1": "Microsoft.AspNetCore.SignalR.Client.Core",
          "Item2": "[6.0.36, )"
        },
        {
          "Item1": "Microsoft.AspNetCore.Http.Connections.Client",
          "Item2": "[6.0.36, )"
        }
      ]
    },
    "Microsoft.AspNetCore.SignalR.Client.Core": {
      "Id": "Microsoft.AspNetCore.SignalR.Client.Core",
      "Version": "6.0.36",
      "Dependencies": [
        {
          "Item1": "Microsoft.AspNetCore.SignalR.Protocols.Json",
          "Item2": "[6.0.36, )"
        },
        {
          "Item1": "Microsoft.AspNetCore.SignalR.Common",
          "Item2": "[6.0.36, )"
        },
        {
          "Item1": "Microsoft.Extensions.DependencyInjection",
          "Item2": "[6.0.2, )"
        },
        {
          "Item1": "Microsoft.Extensions.Logging",
          "Item2": "[6.0.1, )"
        },
        {
          "Item1": "System.Threading.Channels",
          "Item2": "[6.0.0, )"
        }
      ]
    },
    "Microsoft.AspNetCore.SignalR.Common": {
      "Id": "Microsoft.AspNetCore.SignalR.Common",
      "Version": "6.0.36",
      "Dependencies": [
        {
          "Item1": "Microsoft.AspNetCore.Connections.Abstractions",
          "Item2": "[6.0.36, )"
        },
        {
          "Item1": "Microsoft.Extensions.Options",
          "Item2": "[6.0.1, )"
        }
      ]
    },
    "Microsoft.AspNetCore.SignalR.Protocols.Json": {
      "Id": "Microsoft.AspNetCore.SignalR.Protocols.Json",
      "Version": "6.0.36",
      "Dependencies": [
        {
          "Item1": "Microsoft.AspNetCore.SignalR.Common",
          "Item2": "[6.0.36, )"
        }
      ]
    },
    "Microsoft.CodeAnalysis.Analyzers": {
      "Id": "Microsoft.CodeAnalysis.Analyzers",
      "Version": "3.3.3",
      "Dependencies": []
    },
    "Microsoft.CodeAnalysis.Common": {
      "Id": "Microsoft.CodeAnalysis.Common",
      "Version": "4.5.0-2.22527.10",
      "Dependencies": [
        {
          "Item1": "Microsoft.CodeAnalysis.Analyzers",
          "Item2": "[3.3.3, )"
        },
        {
          "Item1": "System.Collections.Immutable",
          "Item2": "[6.0.0, )"
        },
        {
          "Item1": "System.Memory",
          "Item2": "[4.5.5, )"
        },
        {
          "Item1": "System.Reflection.Metadata",
          "Item2": "[5.0.0, )"
        },
        {
          "Item1": "System.Runtime.CompilerServices.Unsafe",
          "Item2": "[6.0.0, )"
        },
        {
          "Item1": "System.Text.Encoding.CodePages",
          "Item2": "[6.0.0, )"
        },
        {
          "Item1": "System.Threading.Tasks.Extensions",
          "Item2": "[4.5.4, )"
        }
      ]
    },
    "Microsoft.CodeAnalysis.CSharp": {
      "Id": "Microsoft.CodeAnalysis.CSharp",
      "Version": "4.5.0-2.22527.10",
      "Dependencies": [
        {
          "Item1": "Microsoft.CodeAnalysis.Common",
          "Item2": "[4.5.0-2.22527.10, 4.5.0-2.22527.10]"
        }
      ]
    },
    "Microsoft.CodeAnalysis.VisualBasic": {
      "Id": "Microsoft.CodeAnalysis.VisualBasic",
      "Version": "4.5.0-2.22527.10",
      "Dependencies": [
        {
          "Item1": "Microsoft.CodeAnalysis.Common",
          "Item2": "[4.5.0-2.22527.10, 4.5.0-2.22527.10]"
        }
      ]
    },
    "Microsoft.CSharp": {
      "Id": "Microsoft.CSharp",
      "Version": "4.7.0",
      "Dependencies": []
    },
    "Microsoft.Extensions.DependencyInjection": {
      "Id": "Microsoft.Extensions.DependencyInjection",
      "Version": "6.0.2",
      "Dependencies": [
        {
          "Item1": "Microsoft.Extensions.DependencyInjection.Abstractions",
          "Item2": "[6.0.0, )"
        }
      ]
    },
    "Microsoft.Extensions.DependencyInjection.Abstractions": {
      "Id": "Microsoft.Extensions.DependencyInjection.Abstractions",
      "Version": "6.0.0",
      "Dependencies": []
    },
    "Microsoft.Extensions.Features": {
      "Id": "Microsoft.Extensions.Features",
      "Version": "6.0.36",
      "Dependencies": []
    },
    "Microsoft.Extensions.Logging": {
      "Id": "Microsoft.Extensions.Logging",
      "Version": "6.0.1",
      "Dependencies": [
        {
          "Item1": "Microsoft.Extensions.DependencyInjection.Abstractions",
          "Item2": "[6.0.0, )"
        },
        {
          "Item1": "Microsoft.Extensions.DependencyInjection",
          "Item2": "[6.0.2, )"
        },
        {
          "Item1": "Microsoft.Extensions.Logging.Abstractions",
          "Item2": "[6.0.4, )"
        },
        {
          "Item1": "Microsoft.Extensions.Options",
          "Item2": "[6.0.1, )"
        },
        {
          "Item1": "System.Diagnostics.DiagnosticSource",
          "Item2": "[6.0.2, )"
        }
      ]
    },
    "Microsoft.Extensions.Logging.Abstractions": {
      "Id": "Microsoft.Extensions.Logging.Abstractions",
      "Version": "6.0.4",
      "Dependencies": []
    },
    "Microsoft.Extensions.Options": {
      "Id": "Microsoft.Extensions.Options",
      "Version": "6.0.1",
      "Dependencies": [
        {
          "Item1": "Microsoft.Extensions.DependencyInjection.Abstractions",
          "Item2": "[6.0.0, )"
        },
        {
          "Item1": "Microsoft.Extensions.Primitives",
          "Item2": "[6.0.1, )"
        }
      ]
    },
    "Microsoft.Extensions.Primitives": {
      "Id": "Microsoft.Extensions.Primitives",
      "Version": "6.0.1",
      "Dependencies": []
    },
    "Microsoft.NETCore.Platforms": {
      "Id": "Microsoft.NETCore.Platforms",
      "Version": "2.0.0",
      "Dependencies": []
    },
    "Microsoft.Rest.ClientRuntime": {
      "Id": "Microsoft.Rest.ClientRuntime",
      "Version": "2.3.24",
      "Dependencies": [
        {
          "Item1": "Newtonsoft.Json",
          "Item2": "[10.0.3, )"
        }
      ]
    },
    "Microsoft.VisualBasic": {
      "Id": "Microsoft.VisualBasic",
      "Version": "10.3.0",
      "Dependencies": []
    },
    "net.adamec.lib.common.dmn.engine": {
      "Id": "net.adamec.lib.common.dmn.engine",
      "Version": "1.1.1",
      "Dependencies": [
        {
          "Item1": "DynamicExpresso.Core",
          "Item2": "[2.12.0, )"
        },
        {
          "Item1": "NLog",
          "Item2": "[4.7.15, )"
        },
        {
          "Item1": "RadCommons.core",
          "Item2": "[2.0.1, )"
        }
      ]
    },
    "Newtonsoft.Json": {
      "Id": "Newtonsoft.Json",
      "Version": "13.0.1",
      "Dependencies": []
    },
    "NLog": {
      "Id": "NLog",
      "Version": "4.7.15",
      "Dependencies": []
    },
    "RadCommons.core": {
      "Id": "RadCommons.core",
      "Version": "2.0.1",
      "Dependencies": [
        {
          "Item1": "NLog",
          "Item2": "[4.6.5, )"
        },
        {
          "Item1": "Newtonsoft.Json",
          "Item2": "[12.0.2, )"
        }
      ]
    },
    "SharpZipLib": {
      "Id": "SharpZipLib",
      "Version": "1.3.3",
      "Dependencies": []
    },
    "System.Activities.ViewModels": {
      "Id": "System.Activities.ViewModels",
      "Version": "1.0.0-20240905.3",
      "Dependencies": []
    },
    "System.Collections.Immutable": {
      "Id": "System.Collections.Immutable",
      "Version": "6.0.0",
      "Dependencies": [
        {
          "Item1": "System.Runtime.CompilerServices.Unsafe",
          "Item2": "[6.0.0, )"
        }
      ]
    },
    "System.Diagnostics.DiagnosticSource": {
      "Id": "System.Diagnostics.DiagnosticSource",
      "Version": "6.0.2",
      "Dependencies": []
    },
    "System.IO.Abstractions": {
      "Id": "System.IO.Abstractions",
      "Version": "3.0.10",
      "Dependencies": [
        {
          "Item1": "System.IO.FileSystem.AccessControl",
          "Item2": "[4.5.0, )"
        }
      ]
    },
    "System.IO.FileSystem.AccessControl": {
      "Id": "System.IO.FileSystem.AccessControl",
      "Version": "4.5.0",
      "Dependencies": [
        {
          "Item1": "System.Security.AccessControl",
          "Item2": "[4.5.0, )"
        },
        {
          "Item1": "System.Security.Principal.Windows",
          "Item2": "[4.5.0, )"
        }
      ]
    },
    "System.IO.Pipelines": {
      "Id": "System.IO.Pipelines",
      "Version": "6.0.3",
      "Dependencies": []
    },
    "System.Memory": {
      "Id": "System.Memory",
      "Version": "4.5.5",
      "Dependencies": []
    },
    "System.Reflection.Metadata": {
      "Id": "System.Reflection.Metadata",
      "Version": "5.0.0",
      "Dependencies": []
    },
    "System.Runtime.CompilerServices.Unsafe": {
      "Id": "System.Runtime.CompilerServices.Unsafe",
      "Version": "6.0.0",
      "Dependencies": []
    },
    "System.Security.AccessControl": {
      "Id": "System.Security.AccessControl",
      "Version": "4.5.0",
      "Dependencies": [
        {
          "Item1": "Microsoft.NETCore.Platforms",
          "Item2": "[2.0.0, )"
        },
        {
          "Item1": "System.Security.Principal.Windows",
          "Item2": "[4.5.0, )"
        }
      ]
    },
    "System.Security.Principal.Windows": {
      "Id": "System.Security.Principal.Windows",
      "Version": "4.5.0",
      "Dependencies": [
        {
          "Item1": "Microsoft.NETCore.Platforms",
          "Item2": "[2.0.0, )"
        }
      ]
    },
    "System.Text.Encoding.CodePages": {
      "Id": "System.Text.Encoding.CodePages",
      "Version": "6.0.0",
      "Dependencies": [
        {
          "Item1": "System.Runtime.CompilerServices.Unsafe",
          "Item2": "[6.0.0, )"
        }
      ]
    },
    "System.Threading.Channels": {
      "Id": "System.Threading.Channels",
      "Version": "6.0.0",
      "Dependencies": []
    },
    "System.Threading.Tasks.Dataflow": {
      "Id": "System.Threading.Tasks.Dataflow",
      "Version": "6.0.0",
      "Dependencies": []
    },
    "System.Threading.Tasks.Extensions": {
      "Id": "System.Threading.Tasks.Extensions",
      "Version": "4.5.4",
      "Dependencies": []
    },
    "System.ValueTuple": {
      "Id": "System.ValueTuple",
      "Version": "4.5.0",
      "Dependencies": []
    },
    "UiPath": {
      "Id": "UiPath",
      "Version": "24.10.112.56016",
      "Dependencies": []
    },
    "UiPath.Activities.RuntimeGovernance": {
      "Id": "UiPath.Activities.RuntimeGovernance",
      "Version": "1.1.6",
      "Dependencies": [
        {
          "Item1": "Newtonsoft.Json",
          "Item2": "[11.0.2, )"
        }
      ]
    },
    "UiPath.CodedWorkflows": {
      "Id": "UiPath.CodedWorkflows",
      "Version": "24.10.1",
      "Dependencies": [
        {
          "Item1": "Microsoft.Extensions.DependencyInjection",
          "Item2": "[6.0.0, )"
        },
        {
          "Item1": "Microsoft.Extensions.DependencyInjection.Abstractions",
          "Item2": "[6.0.0, )"
        },
        {
          "Item1": "Newtonsoft.Json",
          "Item2": "[13.0.1, )"
        },
        {
          "Item1": "System.IO.Abstractions",
          "Item2": "[3.0.10, )"
        },
        {
          "Item1": "System.ValueTuple",
          "Item2": "[4.5.0, )"
        }
      ]
    },
    "UiPath.Driver.Portable": {
      "Id": "UiPath.Driver.Portable",
      "Version": "24.10.112.56016",
      "Dependencies": []
    },
    "UiPath.OpenTelemetry.Contracts": {
      "Id": "UiPath.OpenTelemetry.Contracts",
      "Version": "2.3.3",
      "Dependencies": [
        {
          "Item1": "System.Diagnostics.DiagnosticSource",
          "Item2": "[6.0.0, )"
        }
      ]
    },
    "UiPath.Platform": {
      "Id": "UiPath.Platform",
      "Version": "24.11.1",
      "Dependencies": [
        {
          "Item1": "Newtonsoft.Json",
          "Item2": "[13.0.1, )"
        },
        {
          "Item1": "System.IO.Abstractions",
          "Item2": "[3.0.10, )"
        },
        {
          "Item1": "System.Threading.Tasks.Dataflow",
          "Item2": "[6.0.0, )"
        },
        {
          "Item1": "System.ValueTuple",
          "Item2": "[4.5.0, )"
        }
      ]
    },
    "UiPath.System.Activities": {
      "Id": "UiPath.System.Activities",
      "Version": "24.10.7",
      "Dependencies": [
        {
          "Item1": "UiPath.System.Activities.Runtime",
          "Item2": "[24.10.7, )"
        },
        {
          "Item1": "CsvHelper",
          "Item2": "[16.0.0, )"
        },
        {
          "Item1": "Microsoft.AspNet.SignalR.Client",
          "Item2": "[2.4.3, )"
        },
        {
          "Item1": "Microsoft.AspNetCore.SignalR.Client",
          "Item2": "[6.0.36, )"
        },
        {
          "Item1": "Microsoft.CSharp",
          "Item2": "[4.7.0, )"
        },
        {
          "Item1": "Microsoft.CodeAnalysis.CSharp",
          "Item2": "[4.5.0-2.22527.10, )"
        },
        {
          "Item1": "Microsoft.CodeAnalysis.Common",
          "Item2": "[4.5.0-2.22527.10, )"
        },
        {
          "Item1": "Microsoft.CodeAnalysis.VisualBasic",
          "Item2": "[4.5.0-2.22527.10, )"
        },
        {
          "Item1": "Microsoft.Rest.ClientRuntime",
          "Item2": "[2.3.24, )"
        },
        {
          "Item1": "Microsoft.VisualBasic",
          "Item2": "[10.3.0, )"
        },
        {
          "Item1": "SharpZipLib",
          "Item2": "[1.3.3, )"
        },
        {
          "Item1": "System.Activities.ViewModels",
          "Item2": "[1.0.0-20240905.3, )"
        },
        {
          "Item1": "UiPath.CodedWorkflows",
          "Item2": "[24.10.0, )"
        },
        {
          "Item1": "UiPath.Platform",
          "Item2": "[24.11.1, )"
        },
        {
          "Item1": "UiPath.Telemetry.Client",
          "Item2": "[2.3.3, )"
        },
        {
          "Item1": "net.adamec.lib.common.dmn.engine",
          "Item2": "[1.1.1, )"
        }
      ]
    },
    "UiPath.System.Activities.Runtime": {
      "Id": "UiPath.System.Activities.Runtime",
      "Version": "24.10.7",
      "Dependencies": [
        {
          "Item1": "UiPath.System.Activities.Runtime.Portable",
          "Item2": "[24.10.7, )"
        }
      ]
    },
    "UiPath.System.Activities.Runtime.Portable": {
      "Id": "UiPath.System.Activities.Runtime.Portable",
      "Version": "24.10.7",
      "Dependencies": [
        {
          "Item1": "CsvHelper",
          "Item2": "[16.0.0, )"
        },
        {
          "Item1": "Microsoft.AspNet.SignalR.Client",
          "Item2": "[2.4.3, )"
        },
        {
          "Item1": "Microsoft.AspNetCore.SignalR.Client",
          "Item2": "[6.0.36, )"
        },
        {
          "Item1": "Microsoft.CSharp",
          "Item2": "[4.7.0, )"
        },
        {
          "Item1": "Microsoft.CodeAnalysis.CSharp",
          "Item2": "[4.5.0-2.22527.10, )"
        },
        {
          "Item1": "Microsoft.CodeAnalysis.Common",
          "Item2": "[4.5.0-2.22527.10, )"
        },
        {
          "Item1": "Microsoft.CodeAnalysis.VisualBasic",
          "Item2": "[4.5.0-2.22527.10, )"
        },
        {
          "Item1": "Microsoft.Rest.ClientRuntime",
          "Item2": "[2.3.24, )"
        },
        {
          "Item1": "Microsoft.VisualBasic",
          "Item2": "[10.3.0, )"
        },
        {
          "Item1": "SharpZipLib",
          "Item2": "[1.3.3, )"
        },
        {
          "Item1": "UiPath.CodedWorkflows",
          "Item2": "[24.10.0, )"
        },
        {
          "Item1": "UiPath.Platform",
          "Item2": "[24.11.1, )"
        },
        {
          "Item1": "UiPath.Telemetry.Client",
          "Item2": "[2.3.3, )"
        },
        {
          "Item1": "net.adamec.lib.common.dmn.engine",
          "Item2": "[1.1.1, )"
        }
      ]
    },
    "UiPath.Telemetry.Client": {
      "Id": "UiPath.Telemetry.Client",
      "Version": "2.3.3",
      "Dependencies": [
        {
          "Item1": "UiPath.OpenTelemetry.Contracts",
          "Item2": "[2.3.3, )"
        },
        {
          "Item1": "Newtonsoft.Json",
          "Item2": "[13.0.1, )"
        },
        {
          "Item1": "System.Threading.Tasks.Dataflow",
          "Item2": "[5.0.0, )"
        },
        {
          "Item1": "System.ValueTuple",
          "Item2": "[4.5.0, )"
        }
      ]
    },
    "UiPath.UIAutomation.Activities": {
      "Id": "UiPath.UIAutomation.Activities",
      "Version": "24.10.8",
      "Dependencies": [
        {
          "Item1": "UiPath",
          "Item2": "[24.10.112.56016, 24.10.112.56016]"
        },
        {
          "Item1": "System.Activities.ViewModels",
          "Item2": "[1.0.0-20240830.1, )"
        },
        {
          "Item1": "UiPath.UIAutomation.Activities.Runtime.Portable",
          "Item2": "[24.10.8, 24.10.8]"
        },
        {
          "Item1": "UiPath.UIAutomation.Activities.Design.RecoveryPanel",
          "Item2": "[24.10.8, 24.10.8]"
        }
      ]
    },
    "UiPath.UIAutomation.Activities.Design.RecoveryPanel": {
      "Id": "UiPath.UIAutomation.Activities.Design.RecoveryPanel",
      "Version": "24.10.8",
      "Dependencies": []
    },
    "UiPath.UIAutomation.Activities.Runtime.Design": {
      "Id": "UiPath.UIAutomation.Activities.Runtime.Design",
      "Version": "24.10.8",
      "Dependencies": []
    },
    "UiPath.UIAutomation.Activities.Runtime.Portable": {
      "Id": "UiPath.UIAutomation.Activities.Runtime.Portable",
      "Version": "24.10.8",
      "Dependencies": [
        {
          "Item1": "UiPath.Driver.Portable",
          "Item2": "[24.10.112.56016, 24.10.112.56016]"
        },
        {
          "Item1": "UiPath.UIAutomation.Activities.Runtime.Design",
          "Item2": "[24.10.8, 24.10.8]"
        },
        {
          "Item1": "UiPath.Activities.RuntimeGovernance",
          "Item2": "[1.1.6, )"
        },
        {
          "Item1": "UiPath.CodedWorkflows",
          "Item2": "[24.10.1, )"
        },
        {
          "Item1": "UiPath.Platform",
          "Item2": "[24.11.1, )"
        },
        {
          "Item1": "UiPath.Telemetry.Client",
          "Item2": "[2.1.3, )"
        },
        {
          "Item1": "Newtonsoft.Json",
          "Item2": "[13.0.1, )"
        },
        {
          "Item1": "System.IO.Abstractions",
          "Item2": "[3.0.10, )"
        }
      ]
    }
  },
  "AllPackages": [
    {
      "Package": {
        "Id": "CsvHelper",
        "Version": "16.0.0"
      },
      "Assemblies": [
        "C:\\Users\\prem.kumar\\.nuget\\packages\\csvhelper\\16.0.0\\lib\\netstandard2.1\\CsvHelper.dll"
      ],
      "Path": "C:\\Users\\prem.kumar\\.nuget\\packages\\csvhelper\\16.0.0"
    },
    {
      "Package": {
        "Id": "DynamicExpresso.Core",
        "Version": "2.12.0"
      },
      "Assemblies": [
        "C:\\Users\\prem.kumar\\.nuget\\packages\\dynamicexpresso.core\\2.12.0\\lib\\netstandard2.0\\DynamicExpresso.Core.dll"
      ],
      "Path": "C:\\Users\\prem.kumar\\.nuget\\packages\\dynamicexpresso.core\\2.12.0"
    },
    {
      "Package": {
        "Id": "Microsoft.AspNet.SignalR.Client",
        "Version": "2.4.3"
      },
      "Assemblies": [
        "C:\\Users\\prem.kumar\\.nuget\\packages\\microsoft.aspnet.signalr.client\\2.4.3\\lib\\netstandard2.0\\Microsoft.AspNet.SignalR.Client.dll"
      ],
      "Path": "C:\\Users\\prem.kumar\\.nuget\\packages\\microsoft.aspnet.signalr.client\\2.4.3"
    },
    {
      "Package": {
        "Id": "Microsoft.AspNetCore.Connections.Abstractions",
        "Version": "6.0.36"
      },
      "Assemblies": [
        "C:\\Users\\prem.kumar\\.nuget\\packages\\microsoft.aspnetcore.connections.abstractions\\6.0.36\\lib\\net6.0\\Microsoft.AspNetCore.Connections.Abstractions.dll"
      ],
      "Path": "C:\\Users\\prem.kumar\\.nuget\\packages\\microsoft.aspnetcore.connections.abstractions\\6.0.36"
    },
    {
      "Package": {
        "Id": "Microsoft.AspNetCore.Http.Connections.Client",
        "Version": "6.0.36"
      },
      "Assemblies": [
        "C:\\Users\\prem.kumar\\.nuget\\packages\\microsoft.aspnetcore.http.connections.client\\6.0.36\\lib\\net6.0\\Microsoft.AspNetCore.Http.Connections.Client.dll"
      ],
      "Path": "C:\\Users\\prem.kumar\\.nuget\\packages\\microsoft.aspnetcore.http.connections.client\\6.0.36"
    },
    {
      "Package": {
        "Id": "Microsoft.AspNetCore.Http.Connections.Common",
        "Version": "6.0.36"
      },
      "Assemblies": [
        "C:\\Users\\prem.kumar\\.nuget\\packages\\microsoft.aspnetcore.http.connections.common\\6.0.36\\lib\\net6.0\\Microsoft.AspNetCore.Http.Connections.Common.dll"
      ],
      "Path": "C:\\Users\\prem.kumar\\.nuget\\packages\\microsoft.aspnetcore.http.connections.common\\6.0.36"
    },
    {
      "Package": {
        "Id": "Microsoft.AspNetCore.SignalR.Client",
        "Version": "6.0.36"
      },
      "Assemblies": [
        "C:\\Users\\prem.kumar\\.nuget\\packages\\microsoft.aspnetcore.signalr.client\\6.0.36\\lib\\net6.0\\Microsoft.AspNetCore.SignalR.Client.dll"
      ],
      "Path": "C:\\Users\\prem.kumar\\.nuget\\packages\\microsoft.aspnetcore.signalr.client\\6.0.36"
    },
    {
      "Package": {
        "Id": "Microsoft.AspNetCore.SignalR.Client.Core",
        "Version": "6.0.36"
      },
      "Assemblies": [
        "C:\\Users\\prem.kumar\\.nuget\\packages\\microsoft.aspnetcore.signalr.client.core\\6.0.36\\lib\\net6.0\\Microsoft.AspNetCore.SignalR.Client.Core.dll"
      ],
      "Path": "C:\\Users\\prem.kumar\\.nuget\\packages\\microsoft.aspnetcore.signalr.client.core\\6.0.36"
    },
    {
      "Package": {
        "Id": "Microsoft.AspNetCore.SignalR.Common",
        "Version": "6.0.36"
      },
      "Assemblies": [
        "C:\\Users\\prem.kumar\\.nuget\\packages\\microsoft.aspnetcore.signalr.common\\6.0.36\\lib\\net6.0\\Microsoft.AspNetCore.SignalR.Common.dll"
      ],
      "Path": "C:\\Users\\prem.kumar\\.nuget\\packages\\microsoft.aspnetcore.signalr.common\\6.0.36"
    },
    {
      "Package": {
        "Id": "Microsoft.AspNetCore.SignalR.Protocols.Json",
        "Version": "6.0.36"
      },
      "Assemblies": [
        "C:\\Users\\prem.kumar\\.nuget\\packages\\microsoft.aspnetcore.signalr.protocols.json\\6.0.36\\lib\\net6.0\\Microsoft.AspNetCore.SignalR.Protocols.Json.dll"
      ],
      "Path": "C:\\Users\\prem.kumar\\.nuget\\packages\\microsoft.aspnetcore.signalr.protocols.json\\6.0.36"
    },
    {
      "Package": {
        "Id": "Microsoft.CodeAnalysis.Analyzers",
        "Version": "3.3.3"
      },
      "Assemblies": [],
      "Path": "C:\\Users\\prem.kumar\\.nuget\\packages\\microsoft.codeanalysis.analyzers\\3.3.3"
    },
    {
      "Package": {
        "Id": "Microsoft.CodeAnalysis.Common",
        "Version": "4.5.0-2.22527.10"
      },
      "Assemblies": [
        "C:\\Users\\prem.kumar\\.nuget\\packages\\microsoft.codeanalysis.common\\4.5.0-2.22527.10\\lib\\netcoreapp3.1\\Microsoft.CodeAnalysis.dll"
      ],
      "Path": "C:\\Users\\prem.kumar\\.nuget\\packages\\microsoft.codeanalysis.common\\4.5.0-2.22527.10"
    },
    {
      "Package": {
        "Id": "Microsoft.CodeAnalysis.CSharp",
        "Version": "4.5.0-2.22527.10"
      },
      "Assemblies": [
        "C:\\Users\\prem.kumar\\.nuget\\packages\\microsoft.codeanalysis.csharp\\4.5.0-2.22527.10\\lib\\netcoreapp3.1\\Microsoft.CodeAnalysis.CSharp.dll"
      ],
      "Path": "C:\\Users\\prem.kumar\\.nuget\\packages\\microsoft.codeanalysis.csharp\\4.5.0-2.22527.10"
    },
    {
      "Package": {
        "Id": "Microsoft.CodeAnalysis.VisualBasic",
        "Version": "4.5.0-2.22527.10"
      },
      "Assemblies": [
        "C:\\Users\\prem.kumar\\.nuget\\packages\\microsoft.codeanalysis.visualbasic\\4.5.0-2.22527.10\\lib\\netcoreapp3.1\\Microsoft.CodeAnalysis.VisualBasic.dll"
      ],
      "Path": "C:\\Users\\prem.kumar\\.nuget\\packages\\microsoft.codeanalysis.visualbasic\\4.5.0-2.22527.10"
    },
    {
      "Package": {
        "Id": "Microsoft.CSharp",
        "Version": "4.7.0"
      },
      "Assemblies": [
        "C:\\Users\\prem.kumar\\.nuget\\packages\\microsoft.csharp\\4.7.0\\lib\\netcoreapp2.0\\_._"
      ],
      "Path": "C:\\Users\\prem.kumar\\.nuget\\packages\\microsoft.csharp\\4.7.0"
    },
    {
      "Package": {
        "Id": "Microsoft.Extensions.DependencyInjection",
        "Version": "6.0.2"
      },
      "Assemblies": [
        "C:\\Users\\prem.kumar\\.nuget\\packages\\microsoft.extensions.dependencyinjection\\6.0.2\\lib\\net6.0\\Microsoft.Extensions.DependencyInjection.dll"
      ],
      "Path": "C:\\Users\\prem.kumar\\.nuget\\packages\\microsoft.extensions.dependencyinjection\\6.0.2"
    },
    {
      "Package": {
        "Id": "Microsoft.Extensions.DependencyInjection.Abstractions",
        "Version": "6.0.0"
      },
      "Assemblies": [
        "C:\\Users\\prem.kumar\\.nuget\\packages\\microsoft.extensions.dependencyinjection.abstractions\\6.0.0\\lib\\net6.0\\Microsoft.Extensions.DependencyInjection.Abstractions.dll"
      ],
      "Path": "C:\\Users\\prem.kumar\\.nuget\\packages\\microsoft.extensions.dependencyinjection.abstractions\\6.0.0"
    },
    {
      "Package": {
        "Id": "Microsoft.Extensions.Features",
        "Version": "6.0.36"
      },
      "Assemblies": [
        "C:\\Users\\prem.kumar\\.nuget\\packages\\microsoft.extensions.features\\6.0.36\\lib\\net6.0\\Microsoft.Extensions.Features.dll"
      ],
      "Path": "C:\\Users\\prem.kumar\\.nuget\\packages\\microsoft.extensions.features\\6.0.36"
    },
    {
      "Package": {
        "Id": "Microsoft.Extensions.Logging",
        "Version": "6.0.1"
      },
      "Assemblies": [
        "C:\\Users\\prem.kumar\\.nuget\\packages\\microsoft.extensions.logging\\6.0.1\\lib\\netstandard2.1\\Microsoft.Extensions.Logging.dll"
      ],
      "Path": "C:\\Users\\prem.kumar\\.nuget\\packages\\microsoft.extensions.logging\\6.0.1"
    },
    {
      "Package": {
        "Id": "Microsoft.Extensions.Logging.Abstractions",
        "Version": "6.0.4"
      },
      "Assemblies": [
        "C:\\Users\\prem.kumar\\.nuget\\packages\\microsoft.extensions.logging.abstractions\\6.0.4\\lib\\net6.0\\Microsoft.Extensions.Logging.Abstractions.dll"
      ],
      "Path": "C:\\Users\\prem.kumar\\.nuget\\packages\\microsoft.extensions.logging.abstractions\\6.0.4"
    },
    {
      "Package": {
        "Id": "Microsoft.Extensions.Options",
        "Version": "6.0.1"
      },
      "Assemblies": [
        "C:\\Users\\prem.kumar\\.nuget\\packages\\microsoft.extensions.options\\6.0.1\\lib\\netstandard2.1\\Microsoft.Extensions.Options.dll"
      ],
      "Path": "C:\\Users\\prem.kumar\\.nuget\\packages\\microsoft.extensions.options\\6.0.1"
    },
    {
      "Package": {
        "Id": "Microsoft.Extensions.Primitives",
        "Version": "6.0.1"
      },
      "Assemblies": [
        "C:\\Users\\prem.kumar\\.nuget\\packages\\microsoft.extensions.primitives\\6.0.1\\lib\\net6.0\\Microsoft.Extensions.Primitives.dll"
      ],
      "Path": "C:\\Users\\prem.kumar\\.nuget\\packages\\microsoft.extensions.primitives\\6.0.1"
    },
    {
      "Package": {
        "Id": "Microsoft.NETCore.Platforms",
        "Version": "2.0.0"
      },
      "Assemblies": [
        "C:\\Users\\prem.kumar\\.nuget\\packages\\microsoft.netcore.platforms\\2.0.0\\lib\\netstandard1.0\\_._"
      ],
      "Path": "C:\\Users\\prem.kumar\\.nuget\\packages\\microsoft.netcore.platforms\\2.0.0"
    },
    {
      "Package": {
        "Id": "Microsoft.Rest.ClientRuntime",
        "Version": "2.3.24"
      },
      "Assemblies": [
        "C:\\Users\\prem.kumar\\.nuget\\packages\\microsoft.rest.clientruntime\\2.3.24\\lib\\netstandard2.0\\Microsoft.Rest.ClientRuntime.dll"
      ],
      "Path": "C:\\Users\\prem.kumar\\.nuget\\packages\\microsoft.rest.clientruntime\\2.3.24"
    },
    {
      "Package": {
        "Id": "Microsoft.VisualBasic",
        "Version": "10.3.0"
      },
      "Assemblies": [
        "C:\\Users\\prem.kumar\\.nuget\\packages\\microsoft.visualbasic\\10.3.0\\lib\\netcoreapp2.0\\_._"
      ],
      "Path": "C:\\Users\\prem.kumar\\.nuget\\packages\\microsoft.visualbasic\\10.3.0"
    },
    {
      "Package": {
        "Id": "net.adamec.lib.common.dmn.engine",
        "Version": "1.1.1"
      },
      "Assemblies": [
        "C:\\Users\\prem.kumar\\.nuget\\packages\\net.adamec.lib.common.dmn.engine\\1.1.1\\lib\\netstandard2.0\\net.adamec.lib.common.dmn.engine.dll"
      ],
      "Path": "C:\\Users\\prem.kumar\\.nuget\\packages\\net.adamec.lib.common.dmn.engine\\1.1.1"
    },
    {
      "Package": {
        "Id": "Newtonsoft.Json",
        "Version": "13.0.1"
      },
      "Assemblies": [
        "C:\\Users\\prem.kumar\\.nuget\\packages\\newtonsoft.json\\13.0.1\\lib\\netstandard2.0\\Newtonsoft.Json.dll"
      ],
      "Path": "C:\\Users\\prem.kumar\\.nuget\\packages\\newtonsoft.json\\13.0.1"
    },
    {
      "Package": {
        "Id": "NLog",
        "Version": "4.7.15"
      },
      "Assemblies": [
        "C:\\Users\\prem.kumar\\.nuget\\packages\\nlog\\4.7.15\\lib\\netstandard2.0\\NLog.dll"
      ],
      "Path": "C:\\Users\\prem.kumar\\.nuget\\packages\\nlog\\4.7.15"
    },
    {
      "Package": {
        "Id": "RadCommons.core",
        "Version": "2.0.1"
      },
      "Assemblies": [
        "C:\\Users\\prem.kumar\\.nuget\\packages\\radcommons.core\\2.0.1\\lib\\netstandard2.0\\net.adamec.lib.common.core.dll"
      ],
      "Path": "C:\\Users\\prem.kumar\\.nuget\\packages\\radcommons.core\\2.0.1"
    },
    {
      "Package": {
        "Id": "SharpZipLib",
        "Version": "1.3.3"
      },
      "Assemblies": [
        "C:\\Users\\prem.kumar\\.nuget\\packages\\sharpziplib\\1.3.3\\lib\\netstandard2.1\\ICSharpCode.SharpZipLib.dll"
      ],
      "Path": "C:\\Users\\prem.kumar\\.nuget\\packages\\sharpziplib\\1.3.3"
    },
    {
      "Package": {
        "Id": "System.Activities.ViewModels",
        "Version": "1.0.0-20240905.3"
      },
      "Assemblies": [
        "C:\\Users\\prem.kumar\\.nuget\\packages\\system.activities.viewmodels\\1.0.0-20240905.3\\lib\\net6.0\\System.Activities.ViewModels.dll"
      ],
      "Path": "C:\\Users\\prem.kumar\\.nuget\\packages\\system.activities.viewmodels\\1.0.0-20240905.3"
    },
    {
      "Package": {
        "Id": "System.Collections.Immutable",
        "Version": "6.0.0"
      },
      "Assemblies": [
        "C:\\Users\\prem.kumar\\.nuget\\packages\\system.collections.immutable\\6.0.0\\lib\\net6.0\\System.Collections.Immutable.dll"
      ],
      "Path": "C:\\Users\\prem.kumar\\.nuget\\packages\\system.collections.immutable\\6.0.0"
    },
    {
      "Package": {
        "Id": "System.Diagnostics.DiagnosticSource",
        "Version": "6.0.2"
      },
      "Assemblies": [
        "C:\\Users\\prem.kumar\\.nuget\\packages\\system.diagnostics.diagnosticsource\\6.0.2\\lib\\net6.0\\System.Diagnostics.DiagnosticSource.dll"
      ],
      "Path": "C:\\Users\\prem.kumar\\.nuget\\packages\\system.diagnostics.diagnosticsource\\6.0.2"
    },
    {
      "Package": {
        "Id": "System.IO.Abstractions",
        "Version": "3.0.10"
      },
      "Assemblies": [
        "C:\\Users\\prem.kumar\\.nuget\\packages\\system.io.abstractions\\3.0.10\\lib\\netstandard2.0\\System.IO.Abstractions.dll"
      ],
      "Path": "C:\\Users\\prem.kumar\\.nuget\\packages\\system.io.abstractions\\3.0.10"
    },
    {
      "Package": {
        "Id": "System.IO.FileSystem.AccessControl",
        "Version": "4.5.0"
      },
      "Assemblies": [
        "C:\\Users\\prem.kumar\\.nuget\\packages\\system.io.filesystem.accesscontrol\\4.5.0\\runtimes\\win\\lib\\netstandard2.0\\System.IO.FileSystem.AccessControl.dll"
      ],
      "Path": "C:\\Users\\prem.kumar\\.nuget\\packages\\system.io.filesystem.accesscontrol\\4.5.0"
    },
    {
      "Package": {
        "Id": "System.IO.Pipelines",
        "Version": "6.0.3"
      },
      "Assemblies": [
        "C:\\Users\\prem.kumar\\.nuget\\packages\\system.io.pipelines\\6.0.3\\lib\\net6.0\\System.IO.Pipelines.dll"
      ],
      "Path": "C:\\Users\\prem.kumar\\.nuget\\packages\\system.io.pipelines\\6.0.3"
    },
    {
      "Package": {
        "Id": "System.Memory",
        "Version": "4.5.5"
      },
      "Assemblies": [
        "C:\\Users\\prem.kumar\\.nuget\\packages\\system.memory\\4.5.5\\lib\\netcoreapp2.1\\_._"
      ],
      "Path": "C:\\Users\\prem.kumar\\.nuget\\packages\\system.memory\\4.5.5"
    },
    {
      "Package": {
        "Id": "System.Reflection.Metadata",
        "Version": "5.0.0"
      },
      "Assemblies": [
        "C:\\Users\\prem.kumar\\.nuget\\packages\\system.reflection.metadata\\5.0.0\\lib\\netstandard2.0\\System.Reflection.Metadata.dll"
      ],
      "Path": "C:\\Users\\prem.kumar\\.nuget\\packages\\system.reflection.metadata\\5.0.0"
    },
    {
      "Package": {
        "Id": "System.Runtime.CompilerServices.Unsafe",
        "Version": "6.0.0"
      },
      "Assemblies": [
        "C:\\Users\\prem.kumar\\.nuget\\packages\\system.runtime.compilerservices.unsafe\\6.0.0\\lib\\net6.0\\System.Runtime.CompilerServices.Unsafe.dll"
      ],
      "Path": "C:\\Users\\prem.kumar\\.nuget\\packages\\system.runtime.compilerservices.unsafe\\6.0.0"
    },
    {
      "Package": {
        "Id": "System.Security.AccessControl",
        "Version": "4.5.0"
      },
      "Assemblies": [
        "C:\\Users\\prem.kumar\\.nuget\\packages\\system.security.accesscontrol\\4.5.0\\runtimes\\win\\lib\\netcoreapp2.0\\System.Security.AccessControl.dll"
      ],
      "Path": "C:\\Users\\prem.kumar\\.nuget\\packages\\system.security.accesscontrol\\4.5.0"
    },
    {
      "Package": {
        "Id": "System.Security.Principal.Windows",
        "Version": "4.5.0"
      },
      "Assemblies": [
        "C:\\Users\\prem.kumar\\.nuget\\packages\\system.security.principal.windows\\4.5.0\\runtimes\\win\\lib\\netcoreapp2.0\\System.Security.Principal.Windows.dll"
      ],
      "Path": "C:\\Users\\prem.kumar\\.nuget\\packages\\system.security.principal.windows\\4.5.0"
    },
    {
      "Package": {
        "Id": "System.Text.Encoding.CodePages",
        "Version": "6.0.0"
      },
      "Assemblies": [
        "C:\\Users\\prem.kumar\\.nuget\\packages\\system.text.encoding.codepages\\6.0.0\\runtimes\\win\\lib\\net6.0\\System.Text.Encoding.CodePages.dll"
      ],
      "Path": "C:\\Users\\prem.kumar\\.nuget\\packages\\system.text.encoding.codepages\\6.0.0"
    },
    {
      "Package": {
        "Id": "System.Threading.Channels",
        "Version": "6.0.0"
      },
      "Assemblies": [
        "C:\\Users\\prem.kumar\\.nuget\\packages\\system.threading.channels\\6.0.0\\lib\\net6.0\\System.Threading.Channels.dll"
      ],
      "Path": "C:\\Users\\prem.kumar\\.nuget\\packages\\system.threading.channels\\6.0.0"
    },
    {
      "Package": {
        "Id": "System.Threading.Tasks.Dataflow",
        "Version": "6.0.0"
      },
      "Assemblies": [
        "C:\\Users\\prem.kumar\\.nuget\\packages\\system.threading.tasks.dataflow\\6.0.0\\lib\\net6.0\\System.Threading.Tasks.Dataflow.dll"
      ],
      "Path": "C:\\Users\\prem.kumar\\.nuget\\packages\\system.threading.tasks.dataflow\\6.0.0"
    },
    {
      "Package": {
        "Id": "System.Threading.Tasks.Extensions",
        "Version": "4.5.4"
      },
      "Assemblies": [
        "C:\\Users\\prem.kumar\\.nuget\\packages\\system.threading.tasks.extensions\\4.5.4\\lib\\netcoreapp2.1\\_._"
      ],
      "Path": "C:\\Users\\prem.kumar\\.nuget\\packages\\system.threading.tasks.extensions\\4.5.4"
    },
    {
      "Package": {
        "Id": "System.ValueTuple",
        "Version": "4.5.0"
      },
      "Assemblies": [
        "C:\\Users\\prem.kumar\\.nuget\\packages\\system.valuetuple\\4.5.0\\lib\\netcoreapp2.0\\_._"
      ],
      "Path": "C:\\Users\\prem.kumar\\.nuget\\packages\\system.valuetuple\\4.5.0"
    },
    {
      "Package": {
        "Id": "UiPath",
        "Version": "24.10.112.56016"
      },
      "Assemblies": [
        "C:\\Users\\prem.kumar\\.nuget\\packages\\uipath\\24.10.112.56016\\lib\\net6.0\\UiPath.Locator.dll"
      ],
      "Path": "C:\\Users\\prem.kumar\\.nuget\\packages\\uipath\\24.10.112.56016"
    },
    {
      "Package": {
        "Id": "UiPath.Activities.RuntimeGovernance",
        "Version": "1.1.6"
      },
      "Assemblies": [
        "C:\\Users\\prem.kumar\\.nuget\\packages\\uipath.activities.runtimegovernance\\1.1.6\\lib\\net5.0\\UiPath.Activities.RuntimeGovernance.dll"
      ],
      "Path": "C:\\Users\\prem.kumar\\.nuget\\packages\\uipath.activities.runtimegovernance\\1.1.6"
    },
    {
      "Package": {
        "Id": "UiPath.CodedWorkflows",
        "Version": "24.10.1"
      },
      "Assemblies": [
        "C:\\Users\\prem.kumar\\.nuget\\packages\\uipath.codedworkflows\\24.10.1\\lib\\net6.0\\UiPath.CodedWorkflows.dll"
      ],
      "Path": "C:\\Users\\prem.kumar\\.nuget\\packages\\uipath.codedworkflows\\24.10.1"
    },
    {
      "Package": {
        "Id": "UiPath.Driver.Portable",
        "Version": "24.10.112.56016"
      },
      "Assemblies": [
        "C:\\Users\\prem.kumar\\.nuget\\packages\\uipath.driver.portable\\24.10.112.56016\\lib\\net6.0\\Interop.UiPath.dll",
        "C:\\Users\\prem.kumar\\.nuget\\packages\\uipath.driver.portable\\24.10.112.56016\\lib\\net6.0\\SapAutomationConnectivitySdk.dll",
        "C:\\Users\\prem.kumar\\.nuget\\packages\\uipath.driver.portable\\24.10.112.56016\\lib\\net6.0\\SapAutomationLogger.dll",
        "C:\\Users\\prem.kumar\\.nuget\\packages\\uipath.driver.portable\\24.10.112.56016\\lib\\net6.0\\UiPath.Driver.Portable.dll"
      ],
      "Path": "C:\\Users\\prem.kumar\\.nuget\\packages\\uipath.driver.portable\\24.10.112.56016"
    },
    {
      "Package": {
        "Id": "UiPath.OpenTelemetry.Contracts",
        "Version": "2.3.3"
      },
      "Assemblies": [
        "C:\\Users\\prem.kumar\\.nuget\\packages\\uipath.opentelemetry.contracts\\2.3.3\\lib\\netstandard2.0\\UiPath.OpenTelemetry.Contracts.dll"
      ],
      "Path": "C:\\Users\\prem.kumar\\.nuget\\packages\\uipath.opentelemetry.contracts\\2.3.3"
    },
    {
      "Package": {
        "Id": "UiPath.Platform",
        "Version": "24.11.1"
      },
      "Assemblies": [
        "C:\\Users\\prem.kumar\\.nuget\\packages\\uipath.platform\\24.11.1\\lib\\net6.0\\UiPath.Platform.dll"
      ],
      "Path": "C:\\Users\\prem.kumar\\.nuget\\packages\\uipath.platform\\24.11.1"
    },
    {
      "Package": {
        "Id": "UiPath.System.Activities",
        "Version": "24.10.7"
      },
      "Assemblies": [
        "C:\\Users\\prem.kumar\\.nuget\\packages\\uipath.system.activities\\24.10.7\\lib\\net6.0\\UiPath.System.Activities.ViewModels.dll"
      ],
      "Path": "C:\\Users\\prem.kumar\\.nuget\\packages\\uipath.system.activities\\24.10.7"
    },
    {
      "Package": {
        "Id": "UiPath.System.Activities.Runtime",
        "Version": "24.10.7"
      },
      "Assemblies": [
        "C:\\Users\\prem.kumar\\.nuget\\packages\\uipath.system.activities.runtime\\24.10.7\\lib\\net6.0\\UiPath.System.Activities.Package.Runtime.dll"
      ],
      "Path": "C:\\Users\\prem.kumar\\.nuget\\packages\\uipath.system.activities.runtime\\24.10.7"
    },
    {
      "Package": {
        "Id": "UiPath.System.Activities.Runtime.Portable",
        "Version": "24.10.7"
      },
      "Assemblies": [
        "C:\\Users\\prem.kumar\\.nuget\\packages\\uipath.system.activities.runtime.portable\\24.10.7\\lib\\net6.0\\UiPath.OrchestratorClient.dll",
        "C:\\Users\\prem.kumar\\.nuget\\packages\\uipath.system.activities.runtime.portable\\24.10.7\\lib\\net6.0\\UiPath.System.Activities.Api.dll",
        "C:\\Users\\prem.kumar\\.nuget\\packages\\uipath.system.activities.runtime.portable\\24.10.7\\lib\\net6.0\\UiPath.System.Activities.dll"
      ],
      "Path": "C:\\Users\\prem.kumar\\.nuget\\packages\\uipath.system.activities.runtime.portable\\24.10.7"
    },
    {
      "Package": {
        "Id": "UiPath.Telemetry.Client",
        "Version": "2.3.3"
      },
      "Assemblies": [
        "C:\\Users\\prem.kumar\\.nuget\\packages\\uipath.telemetry.client\\2.3.3\\lib\\netstandard2.0\\TelemetryClient.dll"
      ],
      "Path": "C:\\Users\\prem.kumar\\.nuget\\packages\\uipath.telemetry.client\\2.3.3"
    },
    {
      "Package": {
        "Id": "UiPath.UIAutomation.Activities",
        "Version": "24.10.8"
      },
      "Assemblies": [
        "C:\\Users\\prem.kumar\\.nuget\\packages\\uipath.uiautomation.activities\\24.10.8\\lib\\net6.0\\UiPath.UIAutomationNext.Activities.Design.dll"
      ],
      "Path": "C:\\Users\\prem.kumar\\.nuget\\packages\\uipath.uiautomation.activities\\24.10.8"
    },
    {
      "Package": {
        "Id": "UiPath.UIAutomation.Activities.Design.RecoveryPanel",
        "Version": "24.10.8"
      },
      "Assemblies": [
        "C:\\Users\\prem.kumar\\.nuget\\packages\\uipath.uiautomation.activities.design.recoverypanel\\24.10.8\\lib\\net6.0\\UiPath.UIAutomation.Activities.Design.RecoveryPanel.dll"
      ],
      "Path": "C:\\Users\\prem.kumar\\.nuget\\packages\\uipath.uiautomation.activities.design.recoverypanel\\24.10.8"
    },
    {
      "Package": {
        "Id": "UiPath.UIAutomation.Activities.Runtime.Design",
        "Version": "24.10.8"
      },
      "Assemblies": [
        "C:\\Users\\prem.kumar\\.nuget\\packages\\uipath.uiautomation.activities.runtime.design\\24.10.8\\lib\\net6.0\\UiPath.UIAutomation.Activities.Runtime.Design.dll"
      ],
      "Path": "C:\\Users\\prem.kumar\\.nuget\\packages\\uipath.uiautomation.activities.runtime.design\\24.10.8"
    },
    {
      "Package": {
        "Id": "UiPath.UIAutomation.Activities.Runtime.Portable",
        "Version": "24.10.8"
      },
      "Assemblies": [
        "C:\\Users\\prem.kumar\\.nuget\\packages\\uipath.uiautomation.activities.runtime.portable\\24.10.8\\lib\\net6.0\\UiPath.UIAutomationNext.Activities.dll",
        "C:\\Users\\prem.kumar\\.nuget\\packages\\uipath.uiautomation.activities.runtime.portable\\24.10.8\\lib\\net6.0\\UiPath.UIAutomationNext.API.dll"
      ],
      "Path": "C:\\Users\\prem.kumar\\.nuget\\packages\\uipath.uiautomation.activities.runtime.portable\\24.10.8"
    }
  ]
}