{"ProjectBreakpoints":"{\"Value\":{\"Main.xaml\":[{\"ConditionalExpression\":null,\"ActionExpression\":null,\"ExpectedHitCounter\":null,\"ShouldContinueAfterAction\":false,\"BreakpointType\":1,\"LocationIdentifier\":\"Set Payment Value\",\"IsEnabled\":true,\"Annotation\":null,\"Id\":\"357a6c6b-4162-444f-a5f3-a9cedd183865\",\"ActivityIdRef\":\"Assign_4\",\"ActivityId\":\"1.135\",\"ActivityName\":\"Set Payment Value\",\"IsTransient\":false},{\"ConditionalExpression\":null,\"ActionExpression\":null,\"ExpectedHitCounter\":null,\"ShouldContinueAfterAction\":false,\"BreakpointType\":1,\"LocationIdentifier\":\"Sequence\",\"IsEnabled\":true,\"Annotation\":null,\"Id\":\"6ddaab5e-6437-40e7-af5f-483dda00d173\",\"ActivityIdRef\":\"Sequence_7\",\"ActivityId\":\"1.109\",\"ActivityName\":\"Sequence\",\"IsTransient\":false},{\"ConditionalExpression\":null,\"ActionExpression\":null,\"ExpectedHitCounter\":null,\"ShouldContinueAfterAction\":false,\"BreakpointType\":1,\"LocationIdentifier\":\"Message Box\",\"IsEnabled\":true,\"Annotation\":null,\"Id\":\"260e7a16-20df-46fa-94bd-9cb8808541e6\",\"ActivityIdRef\":\"MessageBox_4\",\"ActivityId\":\"1.62\",\"ActivityName\":\"Message Box\",\"IsTransient\":false},{\"ConditionalExpression\":null,\"ActionExpression\":null,\"ExpectedHitCounter\":null,\"ShouldContinueAfterAction\":false,\"BreakpointType\":1,\"LocationIdentifier\":\"Re-Assign the current Balance\",\"IsEnabled\":true,\"Annotation\":null,\"Id\":\"57a03406-a27d-45ba-85ed-a7e9fadc7ba7\",\"ActivityIdRef\":\"Assign_7\",\"ActivityId\":\"1.34\",\"ActivityName\":\"Re-Assign the current Balance\",\"IsTransient\":false}]},\"CodeBreakpoints\":{}}","Compiler":"2","ProjectWatches":"{\"Value\":[{\"Id\":\"1cd616b6-a8f9-4683-891c-79340cc2d532\",\"Expression\":\"currentBalance\",\"Type\":0},{\"Id\":\"a779960a-6926-431d-b56a-f6263fb208a1\",\"Expression\":\"PaymentValue\",\"Type\":0},{\"Id\":\"74e0fdef-cf7c-4be7-b79a-27882761dcc6\",\"Expression\":\"isValidInput AND currentBalance >= PaymentValue\",\"Type\":0},{\"Id\":\"9e7b1c1d-de70-41e7-a8c7-04a9dd6a60a4\",\"Expression\":\"isValidInput AND currentBalance < PaymentValue\",\"Type\":0},{\"Id\":\"6c4dde59-44be-44f9-8119-b02778879e37\",\"Expression\":\"isValidInput\",\"Type\":0}]}","OpenedDocuments":"[{\"DocumentPath\":\"Main.xaml\",\"FactoryId\":\"{ACB8E7BA-F093-44C1-9B50-33ECA51AAE16}\"}]","ProjectActivitiesViewState":"{\"Main.xaml\":[{\"ActivityIdRef\":\"If_1\",\"IsAdvancedOptionsExpanded\":false,\"Widgets\":{\"Then\":{\"ShowExpanded\":true},\"Else\":{\"ShowExpanded\":true}}},{\"ActivityIdRef\":\"If_2\",\"IsAdvancedOptionsExpanded\":false,\"Widgets\":{\"Then\":{\"ShowExpanded\":true},\"Else\":{\"ShowExpanded\":true}}}]}"}