{
  "DisplayName": "ACME_Login",
  "Tooltip": "Login",
  "HelpLink": null,
  "Color": null,
  "OriginalIconFileName": null,
  "Arguments": [
    {
      "Name": "in_Email",
      "DisplayName": "in_Email",
      "Category": null,
      "Tooltip": "ACME_Email",
      "Placeholder": null,
      "Widget": "TextComposer",
      "IsRequired": true,
      "IsPrincipal": true,
      "ArgumentType": 0,
      "DataSourceItems": null
    },
    {
      "Name": "in_Password",
      "DisplayName": "in_Password",
      "Category": null,
      "Tooltip": "ACME_Password",
      "Placeholder": null,
      "Widget": null,
      "IsRequired": true,
      "IsPrincipal": true,
      "ArgumentType": 0,
      "DataSourceItems": null
    }
  ]
}