{
  "assemblyStates": {
    "C1FDDF43476_curated_.w3qJp3VOWCF1FCWNH1zvlRG2": {
      "namespace": "UiPath.IntegrationService.Activities.SWEntities.C1FDDF43476_curated_account_Create.Bundle",
      "providerName": "CustomEntities",
      "key": {
        "name": "UiPath.IntegrationService.Activities.SWEntities.C1FDDF43476_curated_account_Create",
        "hash": "RVB0a0VYZzBYc0pRckR2Wndrd0hUVDNlaVczZWo2SXJDTVpNYTI2eVZWaDZqbmdkdHBkUXBmSGloOFZYT3FiWlZlS21QUFpjMllBOU9wQ0F5b0U3VWc9PQ",
        "assemblyName": "C1FDDF43476_curated_.w3qJp3VOWCF1FCWNH1zvlRG2"
      }
    }
  }
}