{"ProjectBreakpoints":"{\"Value\":{},\"CodeBreakpoints\":{}}","Compiler":"2","ProjectWatches":"{\"Value\":[]}","ProjectSettings":"{\"CompileExpressions\":true,\"ReadyToRun\":false,\"DefaultActivitiesRootCategories\":[null],\"IncludeSourcesByDefault\":true,\"RemoveUnusedDependencies\":true}","OpenedDocuments":"[{\"DocumentPath\":\"WorkItems/DownloadWorkItems.xaml\",\"FactoryId\":\"{ACB8E7BA-F093-44C1-9B50-33ECA51AAE16}\"}]","ProjectActivitiesViewState":"{\"WorkItems/DownloadWorkItems.xaml\":[{\"ActivityIdRef\":\"InvokeWorkflowFile_2\",\"IsAdvancedOptionsExpanded\":false,\"Categories\":{\"Common\":true,\"Options\":true,\"Log\":true},\"Widgets\":{}}]}"}